filename,tags,index
label1_150.jpg,1,0
label1_151.jpg,1,1
label1_152.jpg,1,2
label1_153.jpg,1,3
label1_154.jpg,1,4
label1_155.jpg,1,5
label1_156.jpg,1,6
label1_157.jpg,1,7
label1_158.jpg,1,8
label1_159.jpg,1,9
label1_160.jpg,1,10
label1_161.jpg,1,11
label1_162.jpg,1,12
label1_163.jpg,1,13
label1_164.jpg,1,14
label1_165.jpg,1,15
label1_166.jpg,1,16
label1_167.jpg,1,17
label1_168.jpg,1,18
label1_169.jpg,1,19
label1_170.jpg,1,20
label1_171.jpg,1,21
label1_172.jpg,1,22
label1_173.jpg,1,23
label2_174.jpg,2,24
label2_175.jpg,2,25
label2_176.jpg,2,26
label2_177.jpg,2,27
label2_178.jpg,2,28
label2_179.jpg,2,29
label2_180.jpg,2,30
label2_181.jpg,2,31
label2_182.jpg,2,32
label2_183.jpg,2,33
label2_184.jpg,2,34
label2_185.jpg,2,35
label2_186.jpg,2,36
label2_187.jpg,2,37
label2_188.jpg,2,38
label2_189.jpg,2,39
label2_190.jpg,2,40
label2_191.jpg,2,41
label2_192.jpg,2,42
label2_193.jpg,2,43
label2_194.jpg,2,44
label2_195.jpg,2,45
label2_196.jpg,2,46
label2_197.jpg,2,47
label3_202.jpg,3,48
label3_203.jpg,3,49
label3_204.jpg,3,50
label3_205.jpg,3,51
label3_206.jpg,3,52
label3_207.jpg,3,53
label3_208.jpg,3,54
label3_209.jpg,3,55
label3_210.jpg,3,56
label3_211.jpg,3,57
label3_212.jpg,3,58
label3_213.jpg,3,59
label3_214.jpg,3,60
label3_215.jpg,3,61
label3_216.jpg,3,62
label3_217.jpg,3,63
label3_218.jpg,3,64
label3_219.jpg,3,65
label3_220.jpg,3,66
label3_221.jpg,3,67
label3_222.jpg,3,68
label3_223.jpg,3,69
label3_224.jpg,3,70
label3_225.jpg,3,71
label4-11_1000.jpg,"4,11",72
label4-11_1001.jpg,"4,11",73
label4-11_1002.jpg,"4,11",74
label4-11_1003.jpg,"4,11",75
label4-11_1004.jpg,"4,11",76
label4-11_1005.jpg,"4,11",77
label4-11_1006.jpg,"4,11",78
label4-11_1007.jpg,"4,11",79
label4-11_1008.jpg,"4,11",80
label4-11_1009.jpg,"4,11",81
label4-11_1010.jpg,"4,11",82
label4-11_1011.jpg,"4,11",83
label4-11_1012.jpg,"4,11",84
label4-11_1013.jpg,"4,11",85
label4-11_1014.jpg,"4,11",86
label4-11_1015.jpg,"4,11",87
label4-11_1016.jpg,"4,11",88
label4-11_1017.jpg,"4,11",89
label4-11_1018.jpg,"4,11",90
label4-11_1019.jpg,"4,11",91
label4-11_1020.jpg,"4,11",92
label4-11_1021.jpg,"4,11",93
label4-11_1022.jpg,"4,11",94
label4-11_1023.jpg,"4,11",95
label4-11_1024.jpg,"4,11",96
label4-11_1025.jpg,"4,11",97
label4-11_1026.jpg,"4,11",98
label4-11_1027.jpg,"4,11",99
label4-11_1028.jpg,"4,11",100
label4-11_1029.jpg,"4,11",101
label4-11_1030.jpg,"4,11",102
label4-11_1031.jpg,"4,11",103
label4-11_1032.jpg,"4,11",104
label4-11_1033.jpg,"4,11",105
label4-11_1034.jpg,"4,11",106
label4-11_1035.jpg,"4,11",107
label4-11_1036.jpg,"4,11",108
label4-11_1037.jpg,"4,11",109
label4-11_1038.jpg,"4,11",110
label4-11_1039.jpg,"4,11",111
label4-11_1040.jpg,"4,11",112
label4-11_1041.jpg,"4,11",113
label4-11_1042.jpg,"4,11",114
label4-11_1043.jpg,"4,11",115
label4-11_1044.jpg,"4,11",116
label4-11_1045.jpg,"4,11",117
label4-11_1046.jpg,"4,11",118
label4-11_1047.jpg,"4,11",119
label4-11_1048.jpg,"4,11",120
label5_1054.jpg,5,121
label5_1055.jpg,5,122
label5_1056.jpg,5,123
label5_1057.jpg,5,124
label5_1058.jpg,5,125
label5_1059.jpg,5,126
label5_1060.jpg,5,127
label5_1061.jpg,5,128
label5_1062.jpg,5,129
label5_1063.jpg,5,130
label5_1064.jpg,5,131
label5_1065.jpg,5,132
label5_1066.jpg,5,133
label5_1067.jpg,5,134
label5_1068.jpg,5,135
label5_1069.jpg,5,136
label5_1070.jpg,5,137
label5_1071.jpg,5,138
label5_1072.jpg,5,139
label5_1073.jpg,5,140
label5_1074.jpg,5,141
label5_1075.jpg,5,142
label5_1076.jpg,5,143
label5_1077.jpg,5,144
label6-11_1079.jpg,"6,11",145
label6-11_1080.jpg,"6,11",146
label6-11_1081.jpg,"6,11",147
label6-11_1082.jpg,"6,11",148
label6-11_1083.jpg,"6,11",149
label6-11_1084.jpg,"6,11",150
label6-11_1085.jpg,"6,11",151
label6-11_1086.jpg,"6,11",152
label6-11_1087.jpg,"6,11",153
label6-11_1088.jpg,"6,11",154
label6-11_1089.jpg,"6,11",155
label6-11_1090.jpg,"6,11",156
label6-11_1091.jpg,"6,11",157
label6-11_1092.jpg,"6,11",158
label6-11_1093.jpg,"6,11",159
label6-11_1094.jpg,"6,11",160
label6-11_1095.jpg,"6,11",161
label6-11_1096.jpg,"6,11",162
label6-11_1097.jpg,"6,11",163
label6-11_1098.jpg,"6,11",164
label6-11_1099.jpg,"6,11",165
label6-11_1100.jpg,"6,11",166
label6-11_1101.jpg,"6,11",167
label6-11_1102.jpg,"6,11",168
label7-11_1103.jpg,"7,11",169
label7-11_1104.jpg,"7,11",170
label7-11_1105.jpg,"7,11",171
label7-11_1106.jpg,"7,11",172
label7-11_1107.jpg,"7,11",173
label7-11_1108.jpg,"7,11",174
label7-11_1109.jpg,"7,11",175
label7-11_1110.jpg,"7,11",176
label7-11_1111.jpg,"7,11",177
label7-11_1112.jpg,"7,11",178
label7-11_1113.jpg,"7,11",179
label7-11_1114.jpg,"7,11",180
label7-11_1115.jpg,"7,11",181
label7-11_1116.jpg,"7,11",182
label7-11_1117.jpg,"7,11",183
label7-11_1118.jpg,"7,11",184
label7-11_1119.jpg,"7,11",185
label7-11_1120.jpg,"7,11",186
label7-11_1121.jpg,"7,11",187
label7-11_1122.jpg,"7,11",188
label7-11_1123.jpg,"7,11",189
label7-11_1124.jpg,"7,11",190
label7-11_1125.jpg,"7,11",191
label7-11_1126.jpg,"7,9",192
label7-11_1127.jpg,"7,9",193
label7-11_1128.jpg,"7,9",194
label7-11_1129.jpg,"7,9",195
label7-11_1130.jpg,"7,9",196
label7-11_1131.jpg,"7,9",197
label7-11_1132.jpg,"7,9",198
label7-11_1133.jpg,"7,9",199
label7-11_1134.jpg,"7,9",200
label7-11_1135.jpg,"7,9",201
label7-11_1136.jpg,"7,9",202
label7-11_1137.jpg,"7,9",203
label7-11_1138.jpg,"7,9",204
label7-11_1139.jpg,"7,9",205
label7-11_1140.jpg,"7,9",206
label7-11_1141.jpg,"7,9",207
label7-11_1142.jpg,"7,9",208
label7-11_1143.jpg,"7,9",209
label7-11_1144.jpg,"7,9",210
label7-11_1145.jpg,"7,9",211
label7-11_1146.jpg,"7,9",212
label7-11_1147.jpg,"7,9",213
label7-11_1148.jpg,"7,9",214
label7-11_1149.jpg,"7,9",215
label8-10_1174.jpg,"8,10",216
label8-10_1175.jpg,"8,10",217
label8-10_1176.jpg,"8,10",218
label8-10_1177.jpg,"8,10",219
label8-10_1178.jpg,"8,10",220
label8-10_1179.jpg,"8,10",221
label8-10_1180.jpg,"8,10",222
label8-10_1181.jpg,"8,10",223
label8-10_1182.jpg,"8,10",224
label8-10_1183.jpg,"8,10",225
label8-10_1184.jpg,"8,10",226
label8-10_1185.jpg,"8,10",227
label8-10_1186.jpg,"8,10",228
label8-10_1187.jpg,"8,10",229
label8-10_1188.jpg,"8,10",230
label8-10_1189.jpg,"8,10",231
label8-10_1190.jpg,"8,10",232
label8-10_1191.jpg,"8,10",233
label8-10_1192.jpg,"8,10",234
label8-10_1193.jpg,"8,10",235
label8-10_1194.jpg,"8,10",236
label8-10_1195.jpg,"8,10",237
label8-10_1196.jpg,"8,10",238
label8-10_1197.jpg,"8,10",239
